service_id,name,prefix,reference_url
1,AWS Account Management,account,https://docs.aws.amazon.com/service-authorization/latest/reference/list_awsaccountmanagement.html
2,AWS Activate,activate,https://docs.aws.amazon.com/service-authorization/latest/reference/list_awsactivate.html
3,AWS Amplify,amplify,https://docs.aws.amazon.com/service-authorization/latest/reference/list_awsamplify.html
4,AWS Amplify Admin,amplifybackend,https://docs.aws.amazon.com/service-authorization/latest/reference/list_awsamplifyadmin.html
5,AWS Amplify UI Builder,amplifyuibuilder,https://docs.aws.amazon.com/service-authorization/latest/reference/list_awsamplifyuibuilder.html
6,AWS App Mesh,appmesh,https://docs.aws.amazon.com/service-authorization/latest/reference/list_awsappmesh.html
7,AWS App Mesh Preview,appmesh-preview,https://docs.aws.amazon.com/service-authorization/latest/reference/list_awsappmeshpreview.html
8,AWS App Runner,apprunner,https://docs.aws.amazon.com/service-authorization/latest/reference/list_awsapprunner.html
9,AWS App Studio,appstudio,https://docs.aws.amazon.com/service-authorization/latest/reference/list_awsappstudio.html
10,AWS App2Container,a2c,https://docs.aws.amazon.com/service-authorization/latest/reference/list_awsapp2container.html
11,AWS AppConfig,appconfig,https://docs.aws.amazon.com/service-authorization/latest/reference/list_awsappconfig.html
12,AWS AppFabric,appfabric,https://docs.aws.amazon.com/service-authorization/latest/reference/list_awsappfabric.html
13,AWS AppSync,appsync,https://docs.aws.amazon.com/service-authorization/latest/reference/list_awsappsync.html
14,AWS Application Auto Scaling,application-autoscaling,https://docs.aws.amazon.com/service-authorization/latest/reference/list_awsapplicationautoscaling.html
15,AWS Application Cost Profiler Service,application-cost-profiler,https://docs.aws.amazon.com/service-authorization/latest/reference/list_awsapplicationcostprofilerservice.html
16,AWS Application Discovery Service,discovery,https://docs.aws.amazon.com/service-authorization/latest/reference/list_awsapplicationdiscoveryservice.html
17,AWS Application Migration Service,mgn,https://docs.aws.amazon.com/service-authorization/latest/reference/list_awsapplicationmigrationservice.html
18,AWS Application Transformation Service,application-transformation,https://docs.aws.amazon.com/service-authorization/latest/reference/list_awsapplicationtransformationservice.html
19,AWS Artifact,artifact,https://docs.aws.amazon.com/service-authorization/latest/reference/list_awsartifact.html
20,AWS Audit Manager,auditmanager,https://docs.aws.amazon.com/service-authorization/latest/reference/list_awsauditmanager.html
21,AWS Auto Scaling,autoscaling-plans,https://docs.aws.amazon.com/service-authorization/latest/reference/list_awsautoscaling.html
22,AWS B2B Data Interchange,b2bi,https://docs.aws.amazon.com/service-authorization/latest/reference/list_awsb2bdatainterchange.html
23,AWS Backup,backup,https://docs.aws.amazon.com/service-authorization/latest/reference/list_awsbackup.html
24,AWS Backup Gateway,backup-gateway,https://docs.aws.amazon.com/service-authorization/latest/reference/list_awsbackupgateway.html
25,AWS Backup storage,backup-storage,https://docs.aws.amazon.com/service-authorization/latest/reference/list_awsbackupstorage.html
26,AWS Batch,batch,https://docs.aws.amazon.com/service-authorization/latest/reference/list_awsbatch.html
27,AWS Billing,billing,https://docs.aws.amazon.com/service-authorization/latest/reference/list_awsbilling.html
28,AWS Billing And Cost Management Data Exports,bcm-data-exports,https://docs.aws.amazon.com/service-authorization/latest/reference/list_awsbillingandcostmanagementdataexports.html
29,AWS Billing Conductor,billingconductor,https://docs.aws.amazon.com/service-authorization/latest/reference/list_awsbillingconductor.html
30,AWS Billing Console,aws-portal,https://docs.aws.amazon.com/service-authorization/latest/reference/list_awsbillingconsole.html
31,AWS Budget Service,budgets,https://docs.aws.amazon.com/service-authorization/latest/reference/list_awsbudgetservice.html
32,AWS BugBust,bugbust,https://docs.aws.amazon.com/service-authorization/latest/reference/list_awsbugbust.html
33,AWS Certificate Manager,acm,https://docs.aws.amazon.com/service-authorization/latest/reference/list_awscertificatemanager.html
34,AWS Chatbot,chatbot,https://docs.aws.amazon.com/service-authorization/latest/reference/list_awschatbot.html
35,AWS Clean Rooms,cleanrooms,https://docs.aws.amazon.com/service-authorization/latest/reference/list_awscleanrooms.html
36,AWS Clean Rooms ML,cleanrooms-ml,https://docs.aws.amazon.com/service-authorization/latest/reference/list_awscleanroomsml.html
37,AWS Cloud Control API,cloudformation,https://docs.aws.amazon.com/service-authorization/latest/reference/list_awscloudcontrolapi.html
38,AWS Cloud Map,servicediscovery,https://docs.aws.amazon.com/service-authorization/latest/reference/list_awscloudmap.html
39,AWS Cloud9,cloud9,https://docs.aws.amazon.com/service-authorization/latest/reference/list_awscloud9.html
40,AWS CloudFormation,cloudformation,https://docs.aws.amazon.com/service-authorization/latest/reference/list_awscloudformation.html
41,AWS CloudHSM,cloudhsm,https://docs.aws.amazon.com/service-authorization/latest/reference/list_awscloudhsm.html
42,AWS CloudShell,cloudshell,https://docs.aws.amazon.com/service-authorization/latest/reference/list_awscloudshell.html
43,AWS CloudTrail,cloudtrail,https://docs.aws.amazon.com/service-authorization/latest/reference/list_awscloudtrail.html
44,AWS CloudTrail Data,cloudtrail-data,https://docs.aws.amazon.com/service-authorization/latest/reference/list_awscloudtraildata.html
45,AWS CloudWatch RUM,rum,https://docs.aws.amazon.com/service-authorization/latest/reference/list_awscloudwatchrum.html
46,AWS CodeArtifact,codeartifact,https://docs.aws.amazon.com/service-authorization/latest/reference/list_awscodeartifact.html
47,AWS CodeBuild,codebuild,https://docs.aws.amazon.com/service-authorization/latest/reference/list_awscodebuild.html
48,AWS CodeCommit,codecommit,https://docs.aws.amazon.com/service-authorization/latest/reference/list_awscodecommit.html
49,AWS CodeConnections,codeconnections,https://docs.aws.amazon.com/service-authorization/latest/reference/list_awscodeconnections.html
50,AWS CodeDeploy,codedeploy,https://docs.aws.amazon.com/service-authorization/latest/reference/list_awscodedeploy.html
51,AWS CodeDeploy secure host commands service,codedeploy-commands-secure,https://docs.aws.amazon.com/service-authorization/latest/reference/list_awscodedeploysecurehostcommandsservice.html
52,AWS CodePipeline,codepipeline,https://docs.aws.amazon.com/service-authorization/latest/reference/list_awscodepipeline.html
53,AWS CodeStar,codestar,https://docs.aws.amazon.com/service-authorization/latest/reference/list_awscodestar.html
54,AWS CodeStar Connections,codestar-connections,https://docs.aws.amazon.com/service-authorization/latest/reference/list_awscodestarconnections.html
55,AWS CodeStar Notifications,codestar-notifications,https://docs.aws.amazon.com/service-authorization/latest/reference/list_awscodestarnotifications.html
56,AWS Compute Optimizer,compute-optimizer,https://docs.aws.amazon.com/service-authorization/latest/reference/list_awscomputeoptimizer.html
57,AWS Config,config,https://docs.aws.amazon.com/service-authorization/latest/reference/list_awsconfig.html
58,AWS Connector Service,awsconnector,https://docs.aws.amazon.com/service-authorization/latest/reference/list_awsconnectorservice.html
59,AWS Consolidated Billing,consolidatedbilling,https://docs.aws.amazon.com/service-authorization/latest/reference/list_awsconsolidatedbilling.html
60,AWS Control Catalog,controlcatalog,https://docs.aws.amazon.com/service-authorization/latest/reference/list_awscontrolcatalog.html
61,AWS Control Tower,controltower,https://docs.aws.amazon.com/service-authorization/latest/reference/list_awscontroltower.html
62,AWS Cost Explorer Service,ce,https://docs.aws.amazon.com/service-authorization/latest/reference/list_awscostexplorerservice.html
63,AWS Cost Optimization Hub,cost-optimization-hub,https://docs.aws.amazon.com/service-authorization/latest/reference/list_awscostoptimizationhub.html
64,AWS Cost and Usage Report,cur,https://docs.aws.amazon.com/service-authorization/latest/reference/list_awscostandusagereport.html
65,AWS Customer Verification Service,customer-verification,https://docs.aws.amazon.com/service-authorization/latest/reference/list_awscustomerverificationservice.html
66,AWS Data Exchange,dataexchange,https://docs.aws.amazon.com/service-authorization/latest/reference/list_awsdataexchange.html
67,AWS Data Pipeline,datapipeline,https://docs.aws.amazon.com/service-authorization/latest/reference/list_awsdatapipeline.html
68,AWS DataSync,datasync,https://docs.aws.amazon.com/service-authorization/latest/reference/list_awsdatasync.html
69,AWS Database Migration Service,dms,https://docs.aws.amazon.com/service-authorization/latest/reference/list_awsdatabasemigrationservice.html
70,AWS Deadline Cloud,deadline,https://docs.aws.amazon.com/service-authorization/latest/reference/list_awsdeadlinecloud.html
71,AWS DeepComposer,deepcomposer,https://docs.aws.amazon.com/service-authorization/latest/reference/list_awsdeepcomposer.html
72,AWS DeepLens,deeplens,https://docs.aws.amazon.com/service-authorization/latest/reference/list_awsdeeplens.html
73,AWS DeepRacer,deepracer,https://docs.aws.amazon.com/service-authorization/latest/reference/list_awsdeepracer.html
74,AWS Device Farm,devicefarm,https://docs.aws.amazon.com/service-authorization/latest/reference/list_awsdevicefarm.html
75,AWS Diagnostic tools,ts,https://docs.aws.amazon.com/service-authorization/latest/reference/list_awsdiagnostictools.html
76,AWS Direct Connect,directconnect,https://docs.aws.amazon.com/service-authorization/latest/reference/list_awsdirectconnect.html
77,AWS Directory Service,ds,https://docs.aws.amazon.com/service-authorization/latest/reference/list_awsdirectoryservice.html
78,AWS Directory Service Data,ds-data,https://docs.aws.amazon.com/service-authorization/latest/reference/list_awsdirectoryservicedata.html
79,AWS Elastic Beanstalk,elasticbeanstalk,https://docs.aws.amazon.com/service-authorization/latest/reference/list_awselasticbeanstalk.html
80,AWS Elastic Disaster Recovery,drs,https://docs.aws.amazon.com/service-authorization/latest/reference/list_awselasticdisasterrecovery.html
81,AWS Elastic Load Balancing,elasticloadbalancing,https://docs.aws.amazon.com/service-authorization/latest/reference/list_awselasticloadbalancing.html
82,AWS Elastic Load Balancing V2,elasticloadbalancing,https://docs.aws.amazon.com/service-authorization/latest/reference/list_awselasticloadbalancingv2.html
83,AWS Elemental Appliances and Software,elemental-appliances-software,https://docs.aws.amazon.com/service-authorization/latest/reference/list_awselementalappliancesandsoftware.html
84,AWS Elemental Appliances and Software Activation Service,elemental-activations,https://docs.aws.amazon.com/service-authorization/latest/reference/list_awselementalappliancesandsoftwareactivationservice.html
85,AWS Elemental MediaConnect,mediaconnect,https://docs.aws.amazon.com/service-authorization/latest/reference/list_awselementalmediaconnect.html
86,AWS Elemental MediaConvert,mediaconvert,https://docs.aws.amazon.com/service-authorization/latest/reference/list_awselementalmediaconvert.html
87,AWS Elemental MediaLive,medialive,https://docs.aws.amazon.com/service-authorization/latest/reference/list_awselementalmedialive.html
88,AWS Elemental MediaPackage,mediapackage,https://docs.aws.amazon.com/service-authorization/latest/reference/list_awselementalmediapackage.html
89,AWS Elemental MediaPackage V2,mediapackagev2,https://docs.aws.amazon.com/service-authorization/latest/reference/list_awselementalmediapackagev2.html
90,AWS Elemental MediaPackage VOD,mediapackage-vod,https://docs.aws.amazon.com/service-authorization/latest/reference/list_awselementalmediapackagevod.html
91,AWS Elemental MediaStore,mediastore,https://docs.aws.amazon.com/service-authorization/latest/reference/list_awselementalmediastore.html
92,AWS Elemental MediaTailor,mediatailor,https://docs.aws.amazon.com/service-authorization/latest/reference/list_awselementalmediatailor.html
93,AWS Elemental Support Cases,elemental-support-cases,https://docs.aws.amazon.com/service-authorization/latest/reference/list_awselementalsupportcases.html
94,AWS Elemental Support Content,elemental-support-content,https://docs.aws.amazon.com/service-authorization/latest/reference/list_awselementalsupportcontent.html
95,AWS End User Messaging Social,social-messaging,https://docs.aws.amazon.com/service-authorization/latest/reference/list_awsendusermessagingsocial.html
96,AWS Entity Resolution,entityresolution,https://docs.aws.amazon.com/service-authorization/latest/reference/list_awsentityresolution.html
97,AWS Fault Injection Service,fis,https://docs.aws.amazon.com/service-authorization/latest/reference/list_awsfaultinjectionservice.html
98,AWS Firewall Manager,fms,https://docs.aws.amazon.com/service-authorization/latest/reference/list_awsfirewallmanager.html
99,AWS Free Tier,freetier,https://docs.aws.amazon.com/service-authorization/latest/reference/list_awsfreetier.html
100,AWS Global Accelerator,globalaccelerator,https://docs.aws.amazon.com/service-authorization/latest/reference/list_awsglobalaccelerator.html
101,AWS Glue,glue,https://docs.aws.amazon.com/service-authorization/latest/reference/list_awsglue.html
102,AWS Glue DataBrew,databrew,https://docs.aws.amazon.com/service-authorization/latest/reference/list_awsgluedatabrew.html
103,AWS Ground Station,groundstation,https://docs.aws.amazon.com/service-authorization/latest/reference/list_awsgroundstation.html
104,AWS Health APIs and Notifications,health,https://docs.aws.amazon.com/service-authorization/latest/reference/list_awshealthapisandnotifications.html
105,AWS HealthImaging,medical-imaging,https://docs.aws.amazon.com/service-authorization/latest/reference/list_awshealthimaging.html
106,AWS HealthLake,healthlake,https://docs.aws.amazon.com/service-authorization/latest/reference/list_awshealthlake.html
107,AWS HealthOmics,omics,https://docs.aws.amazon.com/service-authorization/latest/reference/list_awshealthomics.html
108,AWS IAM Access Analyzer,access-analyzer,https://docs.aws.amazon.com/service-authorization/latest/reference/list_awsiamaccessanalyzer.html
109,AWS IAM Identity Center (successor to AWS Single Sign-On),sso,https://docs.aws.amazon.com/service-authorization/latest/reference/list_awsiamidentitycentersuccessortoawssinglesign-on.html
110,AWS IAM Identity Center (successor to AWS Single Sign-On) directory,sso-directory,https://docs.aws.amazon.com/service-authorization/latest/reference/list_awsiamidentitycentersuccessortoawssinglesign-ondirectory.html
111,AWS IAM Identity Center OIDC service,sso-oauth,https://docs.aws.amazon.com/service-authorization/latest/reference/list_awsiamidentitycenteroidcservice.html
112,AWS IQ,iq,https://docs.aws.amazon.com/service-authorization/latest/reference/list_awsiq.html
113,AWS IQ Permissions,iq-permission,https://docs.aws.amazon.com/service-authorization/latest/reference/list_awsiqpermissions.html
114,AWS Identity Store,identitystore,https://docs.aws.amazon.com/service-authorization/latest/reference/list_awsidentitystore.html
115,AWS Identity Store Auth,identitystore-auth,https://docs.aws.amazon.com/service-authorization/latest/reference/list_awsidentitystoreauth.html
116,AWS Identity Sync,identity-sync,https://docs.aws.amazon.com/service-authorization/latest/reference/list_awsidentitysync.html
117,AWS Identity and Access Management (IAM),iam,https://docs.aws.amazon.com/service-authorization/latest/reference/list_awsidentityandaccessmanagementiam.html
118,AWS Identity and Access Management Roles Anywhere,rolesanywhere,https://docs.aws.amazon.com/service-authorization/latest/reference/list_awsidentityandaccessmanagementrolesanywhere.html
119,AWS Import Export Disk Service,importexport,https://docs.aws.amazon.com/service-authorization/latest/reference/list_awsimportexportdiskservice.html
120,AWS Invoicing Service,invoicing,https://docs.aws.amazon.com/service-authorization/latest/reference/list_awsinvoicingservice.html
121,AWS IoT,iot,https://docs.aws.amazon.com/service-authorization/latest/reference/list_awsiot.html
122,AWS IoT 1-Click,iot1click,https://docs.aws.amazon.com/service-authorization/latest/reference/list_awsiot1-click.html
123,AWS IoT Analytics,iotanalytics,https://docs.aws.amazon.com/service-authorization/latest/reference/list_awsiotanalytics.html
124,AWS IoT Core Device Advisor,iotdeviceadvisor,https://docs.aws.amazon.com/service-authorization/latest/reference/list_awsiotcoredeviceadvisor.html
125,AWS IoT Device Tester,iot-device-tester,https://docs.aws.amazon.com/service-authorization/latest/reference/list_awsiotdevicetester.html
126,AWS IoT Events,iotevents,https://docs.aws.amazon.com/service-authorization/latest/reference/list_awsiotevents.html
127,AWS IoT Fleet Hub for Device Management,iotfleethub,https://docs.aws.amazon.com/service-authorization/latest/reference/list_awsiotfleethubfordevicemanagement.html
128,AWS IoT FleetWise,iotfleetwise,https://docs.aws.amazon.com/service-authorization/latest/reference/list_awsiotfleetwise.html
129,AWS IoT Greengrass,greengrass,https://docs.aws.amazon.com/service-authorization/latest/reference/list_awsiotgreengrass.html
130,AWS IoT Greengrass V2,greengrass,https://docs.aws.amazon.com/service-authorization/latest/reference/list_awsiotgreengrassv2.html
131,AWS IoT Jobs DataPlane,iotjobsdata,https://docs.aws.amazon.com/service-authorization/latest/reference/list_awsiotjobsdataplane.html
132,AWS IoT SiteWise,iotsitewise,https://docs.aws.amazon.com/service-authorization/latest/reference/list_awsiotsitewise.html
133,AWS IoT TwinMaker,iottwinmaker,https://docs.aws.amazon.com/service-authorization/latest/reference/list_awsiottwinmaker.html
134,AWS IoT Wireless,iotwireless,https://docs.aws.amazon.com/service-authorization/latest/reference/list_awsiotwireless.html
135,AWS Key Management Service,kms,https://docs.aws.amazon.com/service-authorization/latest/reference/list_awskeymanagementservice.html
136,AWS Lake Formation,lakeformation,https://docs.aws.amazon.com/service-authorization/latest/reference/list_awslakeformation.html
137,AWS Lambda,lambda,https://docs.aws.amazon.com/service-authorization/latest/reference/list_awslambda.html
138,AWS Launch Wizard,launchwizard,https://docs.aws.amazon.com/service-authorization/latest/reference/list_awslaunchwizard.html
139,AWS License Manager,license-manager,https://docs.aws.amazon.com/service-authorization/latest/reference/list_awslicensemanager.html
140,AWS License Manager Linux Subscriptions Manager,license-manager-linux-subscriptions,https://docs.aws.amazon.com/service-authorization/latest/reference/list_awslicensemanagerlinuxsubscriptionsmanager.html
141,AWS License Manager User Subscriptions,license-manager-user-subscriptions,https://docs.aws.amazon.com/service-authorization/latest/reference/list_awslicensemanagerusersubscriptions.html
142,AWS Mainframe Modernization Application Testing,apptest,https://docs.aws.amazon.com/service-authorization/latest/reference/list_awsmainframemodernizationapplicationtesting.html
143,AWS Mainframe Modernization Service,m2,https://docs.aws.amazon.com/service-authorization/latest/reference/list_awsmainframemodernizationservice.html
144,AWS Management Console Mobile App,consoleapp,https://docs.aws.amazon.com/service-authorization/latest/reference/list_awsconsolemobileapp.html
145,AWS Marketplace,aws-marketplace,https://docs.aws.amazon.com/service-authorization/latest/reference/list_awsmarketplace.html
146,AWS Marketplace Catalog,aws-marketplace,https://docs.aws.amazon.com/service-authorization/latest/reference/list_awsmarketplacecatalog.html
147,AWS Marketplace Commerce Analytics Service,marketplacecommerceanalytics,https://docs.aws.amazon.com/service-authorization/latest/reference/list_awsmarketplacecommerceanalyticsservice.html
148,AWS Marketplace Deployment Service,aws-marketplace,https://docs.aws.amazon.com/service-authorization/latest/reference/list_awsmarketplacedeploymentservice.html
149,AWS Marketplace Discovery,aws-marketplace,https://docs.aws.amazon.com/service-authorization/latest/reference/list_awsmarketplacediscovery.html
150,AWS Marketplace Entitlement Service,aws-marketplace,https://docs.aws.amazon.com/service-authorization/latest/reference/list_awsmarketplaceentitlementservice.html
151,AWS Marketplace Image Building Service,aws-marketplace,https://docs.aws.amazon.com/service-authorization/latest/reference/list_awsmarketplaceimagebuildingservice.html
152,AWS Marketplace Management Portal,aws-marketplace-management,https://docs.aws.amazon.com/service-authorization/latest/reference/list_awsmarketplacemanagementportal.html
153,AWS Marketplace Metering Service,aws-marketplace,https://docs.aws.amazon.com/service-authorization/latest/reference/list_awsmarketplacemeteringservice.html
154,AWS Marketplace Private Marketplace,aws-marketplace,https://docs.aws.amazon.com/service-authorization/latest/reference/list_awsmarketplaceprivatemarketplace.html
155,AWS Marketplace Procurement Systems Integration,aws-marketplace,https://docs.aws.amazon.com/service-authorization/latest/reference/list_awsmarketplaceprocurementsystemsintegration.html
156,AWS Marketplace Reporting,aws-marketplace,https://docs.aws.amazon.com/service-authorization/latest/reference/list_awsmarketplacereporting.html
157,AWS Marketplace Seller Reporting,aws-marketplace,https://docs.aws.amazon.com/service-authorization/latest/reference/list_awsmarketplacesellerreporting.html
158,AWS Marketplace Vendor Insights,vendor-insights,https://docs.aws.amazon.com/service-authorization/latest/reference/list_awsmarketplacevendorinsights.html
159,AWS Microservice Extractor for .NET,serviceextract,https://docs.aws.amazon.com/service-authorization/latest/reference/list_awsmicroserviceextractorfor.net.html
160,AWS Migration Acceleration Program Credits,mapcredits,https://docs.aws.amazon.com/service-authorization/latest/reference/list_awsmigrationaccelerationprogramcredits.html
161,AWS Migration Hub,mgh,https://docs.aws.amazon.com/service-authorization/latest/reference/list_awsmigrationhub.html
162,AWS Migration Hub Orchestrator,migrationhub-orchestrator,https://docs.aws.amazon.com/service-authorization/latest/reference/list_awsmigrationhuborchestrator.html
163,AWS Migration Hub Refactor Spaces,refactor-spaces,https://docs.aws.amazon.com/service-authorization/latest/reference/list_awsmigrationhubrefactorspaces.html
164,AWS Migration Hub Strategy Recommendations,migrationhub-strategy,https://docs.aws.amazon.com/service-authorization/latest/reference/list_awsmigrationhubstrategyrecommendations.html
165,AWS Network Firewall,network-firewall,https://docs.aws.amazon.com/service-authorization/latest/reference/list_awsnetworkfirewall.html
166,AWS Network Manager,networkmanager,https://docs.aws.amazon.com/service-authorization/latest/reference/list_awsnetworkmanager.html
167,AWS Network Manager Chat,networkmanager-chat,https://docs.aws.amazon.com/service-authorization/latest/reference/list_awsnetworkmanagerchat.html
168,AWS OpsWorks,opsworks,https://docs.aws.amazon.com/service-authorization/latest/reference/list_awsopsworks.html
169,AWS OpsWorks Configuration Management,opsworks-cm,https://docs.aws.amazon.com/service-authorization/latest/reference/list_awsopsworksconfigurationmanagement.html
170,AWS Organizations,organizations,https://docs.aws.amazon.com/service-authorization/latest/reference/list_awsorganizations.html
171,AWS Outposts,outposts,https://docs.aws.amazon.com/service-authorization/latest/reference/list_awsoutposts.html
172,AWS Panorama,panorama,https://docs.aws.amazon.com/service-authorization/latest/reference/list_awspanorama.html
173,AWS Parallel Computing Service,pcs,https://docs.aws.amazon.com/service-authorization/latest/reference/list_awsparallelcomputingservice.html
174,AWS Partner central account management,partnercentral-account-management,https://docs.aws.amazon.com/service-authorization/latest/reference/list_awspartnercentralaccountmanagement.html
175,AWS Payment Cryptography,payment-cryptography,https://docs.aws.amazon.com/service-authorization/latest/reference/list_awspaymentcryptography.html
176,AWS Payments,payments,https://docs.aws.amazon.com/service-authorization/latest/reference/list_awspayments.html
177,AWS Performance Insights,pi,https://docs.aws.amazon.com/service-authorization/latest/reference/list_awsperformanceinsights.html
178,AWS Price List,pricing,https://docs.aws.amazon.com/service-authorization/latest/reference/list_awspricelist.html
179,AWS Private CA Connector for Active Directory,pca-connector-ad,https://docs.aws.amazon.com/service-authorization/latest/reference/list_awsprivatecaconnectorforactivedirectory.html
180,AWS Private CA Connector for SCEP,pca-connector-scep,https://docs.aws.amazon.com/service-authorization/latest/reference/list_awsprivatecaconnectorforscep.html
181,AWS Private Certificate Authority,acm-pca,https://docs.aws.amazon.com/service-authorization/latest/reference/list_awsprivatecertificateauthority.html
182,AWS Proton,proton,https://docs.aws.amazon.com/service-authorization/latest/reference/list_awsproton.html
183,AWS Purchase Orders Console,purchase-orders,https://docs.aws.amazon.com/service-authorization/latest/reference/list_awspurchaseordersconsole.html
184,AWS Recycle Bin,rbin,https://docs.aws.amazon.com/service-authorization/latest/reference/list_awsrecyclebin.html
185,AWS Resilience Hub,resiliencehub,https://docs.aws.amazon.com/service-authorization/latest/reference/list_awsresiliencehub.html
186,AWS Resource Access Manager (RAM),ram,https://docs.aws.amazon.com/service-authorization/latest/reference/list_awsresourceaccessmanagerram.html
187,AWS Resource Explorer,resource-explorer-2,https://docs.aws.amazon.com/service-authorization/latest/reference/list_awsresourceexplorer.html
188,AWS Resource Groups,resource-groups,https://docs.aws.amazon.com/service-authorization/latest/reference/list_awsresourcegroups.html
189,AWS RoboMaker,robomaker,https://docs.aws.amazon.com/service-authorization/latest/reference/list_awsrobomaker.html
190,AWS SQL Workbench,sqlworkbench,https://docs.aws.amazon.com/service-authorization/latest/reference/list_awssqlworkbench.html
191,AWS Savings Plans,savingsplans,https://docs.aws.amazon.com/service-authorization/latest/reference/list_awssavingsplans.html
192,AWS Secrets Manager,secretsmanager,https://docs.aws.amazon.com/service-authorization/latest/reference/list_awssecretsmanager.html
193,AWS Security Hub,securityhub,https://docs.aws.amazon.com/service-authorization/latest/reference/list_awssecurityhub.html
194,AWS Security Token Service,sts,https://docs.aws.amazon.com/service-authorization/latest/reference/list_awssecuritytokenservice.html
195,AWS Server Migration Service,sms,https://docs.aws.amazon.com/service-authorization/latest/reference/list_awsservermigrationservice.html
196,AWS Serverless Application Repository,serverlessrepo,https://docs.aws.amazon.com/service-authorization/latest/reference/list_awsserverlessapplicationrepository.html
197,AWS Service Catalog,servicecatalog,https://docs.aws.amazon.com/service-authorization/latest/reference/list_awsservicecatalog.html
198,AWS Shield,shield,https://docs.aws.amazon.com/service-authorization/latest/reference/list_awsshield.html
199,AWS Signer,signer,https://docs.aws.amazon.com/service-authorization/latest/reference/list_awssigner.html
200,AWS Signin,signin,https://docs.aws.amazon.com/service-authorization/latest/reference/list_awssignin.html
201,AWS SimSpace Weaver,simspaceweaver,https://docs.aws.amazon.com/service-authorization/latest/reference/list_awssimspaceweaver.html
202,AWS Snow Device Management,snow-device-management,https://docs.aws.amazon.com/service-authorization/latest/reference/list_awssnowdevicemanagement.html
203,AWS Snowball,snowball,https://docs.aws.amazon.com/service-authorization/latest/reference/list_awssnowball.html
204,AWS Step Functions,states,https://docs.aws.amazon.com/service-authorization/latest/reference/list_awsstepfunctions.html
205,AWS Storage Gateway,storagegateway,https://docs.aws.amazon.com/service-authorization/latest/reference/list_awsstoragegateway.html
206,AWS Supply Chain,scn,https://docs.aws.amazon.com/service-authorization/latest/reference/list_awssupplychain.html
207,AWS Support,support,https://docs.aws.amazon.com/service-authorization/latest/reference/list_awssupport.html
208,AWS Support App in Slack,supportapp,https://docs.aws.amazon.com/service-authorization/latest/reference/list_awssupportappinslack.html
209,AWS Support Plans,supportplans,https://docs.aws.amazon.com/service-authorization/latest/reference/list_awssupportplans.html
210,AWS Support Recommendations,supportrecommendations,https://docs.aws.amazon.com/service-authorization/latest/reference/list_awssupportrecommendations.html
211,AWS Sustainability,sustainability,https://docs.aws.amazon.com/service-authorization/latest/reference/list_awssustainability.html
212,AWS Systems Manager,ssm,https://docs.aws.amazon.com/service-authorization/latest/reference/list_awssystemsmanager.html
213,AWS Systems Manager GUI Connect,ssm-guiconnect,https://docs.aws.amazon.com/service-authorization/latest/reference/list_awssystemsmanagerguiconnect.html
214,AWS Systems Manager Incident Manager,ssm-incidents,https://docs.aws.amazon.com/service-authorization/latest/reference/list_awssystemsmanagerincidentmanager.html
215,AWS Systems Manager Incident Manager Contacts,ssm-contacts,https://docs.aws.amazon.com/service-authorization/latest/reference/list_awssystemsmanagerincidentmanagercontacts.html
216,AWS Systems Manager Quick Setup,ssm-quicksetup,https://docs.aws.amazon.com/service-authorization/latest/reference/list_awssystemsmanagerquicksetup.html
217,AWS Systems Manager for SAP,ssm-sap,https://docs.aws.amazon.com/service-authorization/latest/reference/list_awssystemsmanagerforsap.html
218,AWS Tax Settings,tax,https://docs.aws.amazon.com/service-authorization/latest/reference/list_awstaxsettings.html
219,AWS Telco Network Builder,tnb,https://docs.aws.amazon.com/service-authorization/latest/reference/list_awstelconetworkbuilder.html
220,AWS Tiros,tiros,https://docs.aws.amazon.com/service-authorization/latest/reference/list_awstiros.html
221,AWS Transfer Family,transfer,https://docs.aws.amazon.com/service-authorization/latest/reference/list_awstransferfamily.html
222,AWS Trusted Advisor,trustedadvisor,https://docs.aws.amazon.com/service-authorization/latest/reference/list_awstrustedadvisor.html
223,AWS User Notifications,notifications,https://docs.aws.amazon.com/service-authorization/latest/reference/list_awsusernotifications.html
224,AWS User Notifications Contacts,notifications-contacts,https://docs.aws.amazon.com/service-authorization/latest/reference/list_awsusernotificationscontacts.html
225,AWS User Subscriptions,user-subscriptions,https://docs.aws.amazon.com/service-authorization/latest/reference/list_awsusersubscriptions.html
226,AWS Verified Access,verified-access,https://docs.aws.amazon.com/service-authorization/latest/reference/list_awsverifiedaccess.html
227,AWS WAF,waf,https://docs.aws.amazon.com/service-authorization/latest/reference/list_awswaf.html
228,AWS WAF Regional,waf-regional,https://docs.aws.amazon.com/service-authorization/latest/reference/list_awswafregional.html
229,AWS WAF V2,wafv2,https://docs.aws.amazon.com/service-authorization/latest/reference/list_awswafv2.html
230,AWS Well-Architected Tool,wellarchitected,https://docs.aws.amazon.com/service-authorization/latest/reference/list_awswell-architectedtool.html
231,AWS Wickr,wickr,https://docs.aws.amazon.com/service-authorization/latest/reference/list_awswickr.html
232,AWS X-Ray,xray,https://docs.aws.amazon.com/service-authorization/latest/reference/list_awsx-ray.html
233,AWS re:Post Private,repostspace,https://docs.aws.amazon.com/service-authorization/latest/reference/list_awsre_postprivate.html
234,AWS service providing managed private networks,private-networks,https://docs.aws.amazon.com/service-authorization/latest/reference/list_awsserviceprovidingmanagedprivatenetworks.html
235,Alexa for Business,a4b,https://docs.aws.amazon.com/service-authorization/latest/reference/list_alexaforbusiness.html
236,Amazon API Gateway,execute-api,https://docs.aws.amazon.com/service-authorization/latest/reference/list_amazonapigateway.html
237,Amazon API Gateway Management,apigateway,https://docs.aws.amazon.com/service-authorization/latest/reference/list_amazonapigatewaymanagement.html
238,Amazon API Gateway Management V2,apigateway,https://docs.aws.amazon.com/service-authorization/latest/reference/list_amazonapigatewaymanagementv2.html
239,Amazon AppFlow,appflow,https://docs.aws.amazon.com/service-authorization/latest/reference/list_amazonappflow.html
240,Amazon AppIntegrations,app-integrations,https://docs.aws.amazon.com/service-authorization/latest/reference/list_amazonappintegrations.html
241,Amazon AppStream 2.0,appstream,https://docs.aws.amazon.com/service-authorization/latest/reference/list_amazonappstream2.0.html
242,Amazon Application Recovery Controller - Zonal Shift,arc-zonal-shift,https://docs.aws.amazon.com/service-authorization/latest/reference/list_amazonapplicationrecoverycontroller-zonalshift.html
243,Amazon Athena,athena,https://docs.aws.amazon.com/service-authorization/latest/reference/list_amazonathena.html
244,Amazon Bedrock,bedrock,https://docs.aws.amazon.com/service-authorization/latest/reference/list_amazonbedrock.html
245,Amazon Braket,braket,https://docs.aws.amazon.com/service-authorization/latest/reference/list_amazonbraket.html
246,Amazon Chime,chime,https://docs.aws.amazon.com/service-authorization/latest/reference/list_amazonchime.html
247,Amazon Cloud Directory,clouddirectory,https://docs.aws.amazon.com/service-authorization/latest/reference/list_amazonclouddirectory.html
248,Amazon CloudFront,cloudfront,https://docs.aws.amazon.com/service-authorization/latest/reference/list_amazoncloudfront.html
249,Amazon CloudFront KeyValueStore,cloudfront-keyvaluestore,https://docs.aws.amazon.com/service-authorization/latest/reference/list_amazoncloudfrontkeyvaluestore.html
250,Amazon CloudSearch,cloudsearch,https://docs.aws.amazon.com/service-authorization/latest/reference/list_amazoncloudsearch.html
251,Amazon CloudWatch,cloudwatch,https://docs.aws.amazon.com/service-authorization/latest/reference/list_amazoncloudwatch.html
252,Amazon CloudWatch Application Insights,applicationinsights,https://docs.aws.amazon.com/service-authorization/latest/reference/list_amazoncloudwatchapplicationinsights.html
253,Amazon CloudWatch Application Signals,application-signals,https://docs.aws.amazon.com/service-authorization/latest/reference/list_amazoncloudwatchapplicationsignals.html
254,Amazon CloudWatch Evidently,evidently,https://docs.aws.amazon.com/service-authorization/latest/reference/list_amazoncloudwatchevidently.html
255,Amazon CloudWatch Internet Monitor,internetmonitor,https://docs.aws.amazon.com/service-authorization/latest/reference/list_amazoncloudwatchinternetmonitor.html
256,Amazon CloudWatch Logs,logs,https://docs.aws.amazon.com/service-authorization/latest/reference/list_amazoncloudwatchlogs.html
257,Amazon CloudWatch Network Monitor,networkmonitor,https://docs.aws.amazon.com/service-authorization/latest/reference/list_amazoncloudwatchnetworkmonitor.html
258,Amazon CloudWatch Observability Access Manager,oam,https://docs.aws.amazon.com/service-authorization/latest/reference/list_amazoncloudwatchobservabilityaccessmanager.html
259,Amazon CloudWatch Synthetics,synthetics,https://docs.aws.amazon.com/service-authorization/latest/reference/list_amazoncloudwatchsynthetics.html
260,Amazon CodeCatalyst,codecatalyst,https://docs.aws.amazon.com/service-authorization/latest/reference/list_amazoncodecatalyst.html
261,Amazon CodeGuru,codeguru,https://docs.aws.amazon.com/service-authorization/latest/reference/list_amazoncodeguru.html
262,Amazon CodeGuru Profiler,codeguru-profiler,https://docs.aws.amazon.com/service-authorization/latest/reference/list_amazoncodeguruprofiler.html
263,Amazon CodeGuru Reviewer,codeguru-reviewer,https://docs.aws.amazon.com/service-authorization/latest/reference/list_amazoncodegurureviewer.html
264,Amazon CodeGuru Security,codeguru-security,https://docs.aws.amazon.com/service-authorization/latest/reference/list_amazoncodegurusecurity.html
265,Amazon CodeWhisperer,codewhisperer,https://docs.aws.amazon.com/service-authorization/latest/reference/list_amazoncodewhisperer.html
266,Amazon Cognito Identity,cognito-identity,https://docs.aws.amazon.com/service-authorization/latest/reference/list_amazoncognitoidentity.html
267,Amazon Cognito Sync,cognito-sync,https://docs.aws.amazon.com/service-authorization/latest/reference/list_amazoncognitosync.html
268,Amazon Cognito User Pools,cognito-idp,https://docs.aws.amazon.com/service-authorization/latest/reference/list_amazoncognitouserpools.html
269,Amazon Comprehend,comprehend,https://docs.aws.amazon.com/service-authorization/latest/reference/list_amazoncomprehend.html
270,Amazon Comprehend Medical,comprehendmedical,https://docs.aws.amazon.com/service-authorization/latest/reference/list_amazoncomprehendmedical.html
271,Amazon Connect,connect,https://docs.aws.amazon.com/service-authorization/latest/reference/list_amazonconnect.html
272,Amazon Connect Cases,cases,https://docs.aws.amazon.com/service-authorization/latest/reference/list_amazonconnectcases.html
273,Amazon Connect Customer Profiles,profile,https://docs.aws.amazon.com/service-authorization/latest/reference/list_amazonconnectcustomerprofiles.html
274,Amazon Connect Voice ID,voiceid,https://docs.aws.amazon.com/service-authorization/latest/reference/list_amazonconnectvoiceid.html
275,Amazon Data Lifecycle Manager,dlm,https://docs.aws.amazon.com/service-authorization/latest/reference/list_amazondatalifecyclemanager.html
276,Amazon DataZone,datazone,https://docs.aws.amazon.com/service-authorization/latest/reference/list_amazondatazone.html
277,Amazon Detective,detective,https://docs.aws.amazon.com/service-authorization/latest/reference/list_amazondetective.html
278,Amazon DevOps Guru,devops-guru,https://docs.aws.amazon.com/service-authorization/latest/reference/list_amazondevopsguru.html
279,Amazon DocumentDB Elastic Clusters,docdb-elastic,https://docs.aws.amazon.com/service-authorization/latest/reference/list_amazondocumentdbelasticclusters.html
280,Amazon DynamoDB,dynamodb,https://docs.aws.amazon.com/service-authorization/latest/reference/list_amazondynamodb.html
281,Amazon DynamoDB Accelerator (DAX),dax,https://docs.aws.amazon.com/service-authorization/latest/reference/list_amazondynamodbacceleratordax.html
282,Amazon EC2,ec2,https://docs.aws.amazon.com/service-authorization/latest/reference/list_amazonec2.html
283,Amazon EC2 Auto Scaling,autoscaling,https://docs.aws.amazon.com/service-authorization/latest/reference/list_amazonec2autoscaling.html
284,Amazon EC2 Image Builder,imagebuilder,https://docs.aws.amazon.com/service-authorization/latest/reference/list_amazonec2imagebuilder.html
285,Amazon EC2 Instance Connect,ec2-instance-connect,https://docs.aws.amazon.com/service-authorization/latest/reference/list_amazonec2instanceconnect.html
286,Amazon EKS Auth,eks-auth,https://docs.aws.amazon.com/service-authorization/latest/reference/list_amazoneksauth.html
287,Amazon EMR Serverless,emr-serverless,https://docs.aws.amazon.com/service-authorization/latest/reference/list_amazonemrserverless.html
288,Amazon EMR on EKS (EMR Containers),emr-containers,https://docs.aws.amazon.com/service-authorization/latest/reference/list_amazonemroneksemrcontainers.html
289,Amazon ElastiCache,elasticache,https://docs.aws.amazon.com/service-authorization/latest/reference/list_amazonelasticache.html
290,Amazon Elastic Block Store,ebs,https://docs.aws.amazon.com/service-authorization/latest/reference/list_amazonelasticblockstore.html
291,Amazon Elastic Container Registry,ecr,https://docs.aws.amazon.com/service-authorization/latest/reference/list_amazonelasticcontainerregistry.html
292,Amazon Elastic Container Registry Public,ecr-public,https://docs.aws.amazon.com/service-authorization/latest/reference/list_amazonelasticcontainerregistrypublic.html
293,Amazon Elastic Container Service,ecs,https://docs.aws.amazon.com/service-authorization/latest/reference/list_amazonelasticcontainerservice.html
294,Amazon Elastic File System,elasticfilesystem,https://docs.aws.amazon.com/service-authorization/latest/reference/list_amazonelasticfilesystem.html
295,Amazon Elastic Inference,elastic-inference,https://docs.aws.amazon.com/service-authorization/latest/reference/list_amazonelasticinference.html
296,Amazon Elastic Kubernetes Service,eks,https://docs.aws.amazon.com/service-authorization/latest/reference/list_amazonelastickubernetesservice.html
297,Amazon Elastic MapReduce,elasticmapreduce,https://docs.aws.amazon.com/service-authorization/latest/reference/list_amazonelasticmapreduce.html
298,Amazon Elastic Transcoder,elastictranscoder,https://docs.aws.amazon.com/service-authorization/latest/reference/list_amazonelastictranscoder.html
299,Amazon EventBridge,events,https://docs.aws.amazon.com/service-authorization/latest/reference/list_amazoneventbridge.html
300,Amazon EventBridge Pipes,pipes,https://docs.aws.amazon.com/service-authorization/latest/reference/list_amazoneventbridgepipes.html
301,Amazon EventBridge Scheduler,scheduler,https://docs.aws.amazon.com/service-authorization/latest/reference/list_amazoneventbridgescheduler.html
302,Amazon EventBridge Schemas,schemas,https://docs.aws.amazon.com/service-authorization/latest/reference/list_amazoneventbridgeschemas.html
303,Amazon FSx,fsx,https://docs.aws.amazon.com/service-authorization/latest/reference/list_amazonfsx.html
304,Amazon FinSpace,finspace,https://docs.aws.amazon.com/service-authorization/latest/reference/list_amazonfinspace.html
305,Amazon FinSpace API,finspace-api,https://docs.aws.amazon.com/service-authorization/latest/reference/list_amazonfinspaceapi.html
306,Amazon Forecast,forecast,https://docs.aws.amazon.com/service-authorization/latest/reference/list_amazonforecast.html
307,Amazon Fraud Detector,frauddetector,https://docs.aws.amazon.com/service-authorization/latest/reference/list_amazonfrauddetector.html
308,Amazon FreeRTOS,freertos,https://docs.aws.amazon.com/service-authorization/latest/reference/list_amazonfreertos.html
309,Amazon GameLift,gamelift,https://docs.aws.amazon.com/service-authorization/latest/reference/list_amazongamelift.html
310,Amazon GroundTruth Labeling,groundtruthlabeling,https://docs.aws.amazon.com/service-authorization/latest/reference/list_amazongroundtruthlabeling.html
311,Amazon GuardDuty,guardduty,https://docs.aws.amazon.com/service-authorization/latest/reference/list_amazonguardduty.html
312,Amazon Honeycode,honeycode,https://docs.aws.amazon.com/service-authorization/latest/reference/list_amazonhoneycode.html
313,Amazon Inspector,inspector,https://docs.aws.amazon.com/service-authorization/latest/reference/list_amazoninspector.html
314,Amazon Inspector2,inspector2,https://docs.aws.amazon.com/service-authorization/latest/reference/list_amazoninspector2.html
315,Amazon InspectorScan,inspector-scan,https://docs.aws.amazon.com/service-authorization/latest/reference/list_amazoninspectorscan.html
316,Amazon Interactive Video Service,ivs,https://docs.aws.amazon.com/service-authorization/latest/reference/list_amazoninteractivevideoservice.html
317,Amazon Interactive Video Service Chat,ivschat,https://docs.aws.amazon.com/service-authorization/latest/reference/list_amazoninteractivevideoservicechat.html
318,Amazon Kendra,kendra,https://docs.aws.amazon.com/service-authorization/latest/reference/list_amazonkendra.html
319,Amazon Kendra Intelligent Ranking,kendra-ranking,https://docs.aws.amazon.com/service-authorization/latest/reference/list_amazonkendraintelligentranking.html
320,Amazon Keyspaces (for Apache Cassandra),cassandra,https://docs.aws.amazon.com/service-authorization/latest/reference/list_amazonkeyspacesforapachecassandra.html
321,Amazon Kinesis Analytics,kinesisanalytics,https://docs.aws.amazon.com/service-authorization/latest/reference/list_amazonkinesisanalytics.html
322,Amazon Kinesis Analytics V2,kinesisanalytics,https://docs.aws.amazon.com/service-authorization/latest/reference/list_amazonkinesisanalyticsv2.html
323,Amazon Kinesis Data Streams,kinesis,https://docs.aws.amazon.com/service-authorization/latest/reference/list_amazonkinesisdatastreams.html
324,Amazon Kinesis Firehose,firehose,https://docs.aws.amazon.com/service-authorization/latest/reference/list_amazonkinesisfirehose.html
325,Amazon Kinesis Video Streams,kinesisvideo,https://docs.aws.amazon.com/service-authorization/latest/reference/list_amazonkinesisvideostreams.html
326,Amazon Lex,lex,https://docs.aws.amazon.com/service-authorization/latest/reference/list_amazonlex.html
327,Amazon Lex V2,lex,https://docs.aws.amazon.com/service-authorization/latest/reference/list_amazonlexv2.html
328,Amazon Lightsail,lightsail,https://docs.aws.amazon.com/service-authorization/latest/reference/list_amazonlightsail.html
329,Amazon Location,geo,https://docs.aws.amazon.com/service-authorization/latest/reference/list_amazonlocation.html
330,Amazon Location Service Maps,geo-maps,https://docs.aws.amazon.com/service-authorization/latest/reference/list_amazonlocationservicemaps.html
331,Amazon Location Service Places,geo-places,https://docs.aws.amazon.com/service-authorization/latest/reference/list_amazonlocationserviceplaces.html
332,Amazon Location Service Routes,geo-routes,https://docs.aws.amazon.com/service-authorization/latest/reference/list_amazonlocationserviceroutes.html
333,Amazon Lookout for Equipment,lookoutequipment,https://docs.aws.amazon.com/service-authorization/latest/reference/list_amazonlookoutforequipment.html
334,Amazon Lookout for Metrics,lookoutmetrics,https://docs.aws.amazon.com/service-authorization/latest/reference/list_amazonlookoutformetrics.html
335,Amazon Lookout for Vision,lookoutvision,https://docs.aws.amazon.com/service-authorization/latest/reference/list_amazonlookoutforvision.html
336,Amazon MQ,mq,https://docs.aws.amazon.com/service-authorization/latest/reference/list_amazonmq.html
337,Amazon Machine Learning,machinelearning,https://docs.aws.amazon.com/service-authorization/latest/reference/list_amazonmachinelearning.html
338,Amazon Macie,macie2,https://docs.aws.amazon.com/service-authorization/latest/reference/list_amazonmacie.html
339,Amazon Managed Blockchain,managedblockchain,https://docs.aws.amazon.com/service-authorization/latest/reference/list_amazonmanagedblockchain.html
340,Amazon Managed Blockchain Query,managedblockchain-query,https://docs.aws.amazon.com/service-authorization/latest/reference/list_amazonmanagedblockchainquery.html
341,Amazon Managed Grafana,grafana,https://docs.aws.amazon.com/service-authorization/latest/reference/list_amazonmanagedgrafana.html
342,Amazon Managed Service for Prometheus,aps,https://docs.aws.amazon.com/service-authorization/latest/reference/list_amazonmanagedserviceforprometheus.html
343,Amazon Managed Streaming for Apache Kafka,kafka,https://docs.aws.amazon.com/service-authorization/latest/reference/list_amazonmanagedstreamingforapachekafka.html
344,Amazon Managed Streaming for Kafka Connect,kafkaconnect,https://docs.aws.amazon.com/service-authorization/latest/reference/list_amazonmanagedstreamingforkafkaconnect.html
345,Amazon Managed Workflows for Apache Airflow,airflow,https://docs.aws.amazon.com/service-authorization/latest/reference/list_amazonmanagedworkflowsforapacheairflow.html
346,Amazon Mechanical Turk,mechanicalturk,https://docs.aws.amazon.com/service-authorization/latest/reference/list_amazonmechanicalturk.html
347,Amazon MemoryDB,memorydb,https://docs.aws.amazon.com/service-authorization/latest/reference/list_amazonmemorydb.html
348,Amazon Message Delivery Service,ec2messages,https://docs.aws.amazon.com/service-authorization/latest/reference/list_amazonmessagedeliveryservice.html
349,Amazon Message Gateway Service,ssmmessages,https://docs.aws.amazon.com/service-authorization/latest/reference/list_amazonmessagegatewayservice.html
350,Amazon Mobile Analytics,mobileanalytics,https://docs.aws.amazon.com/service-authorization/latest/reference/list_amazonmobileanalytics.html
351,Amazon Monitron,monitron,https://docs.aws.amazon.com/service-authorization/latest/reference/list_amazonmonitron.html
352,Amazon Neptune,neptune-db,https://docs.aws.amazon.com/service-authorization/latest/reference/list_amazonneptune.html
353,Amazon Neptune Analytics,neptune-graph,https://docs.aws.amazon.com/service-authorization/latest/reference/list_amazonneptuneanalytics.html
354,Amazon Nimble Studio,nimble,https://docs.aws.amazon.com/service-authorization/latest/reference/list_amazonnimblestudio.html
355,Amazon One Enterprise,one,https://docs.aws.amazon.com/service-authorization/latest/reference/list_amazononeenterprise.html
356,Amazon OpenSearch,opensearch,https://docs.aws.amazon.com/service-authorization/latest/reference/list_amazonopensearch.html
357,Amazon OpenSearch Ingestion,osis,https://docs.aws.amazon.com/service-authorization/latest/reference/list_amazonopensearchingestion.html
358,Amazon OpenSearch Serverless,aoss,https://docs.aws.amazon.com/service-authorization/latest/reference/list_amazonopensearchserverless.html
359,Amazon OpenSearch Service,es,https://docs.aws.amazon.com/service-authorization/latest/reference/list_amazonopensearchservice.html
360,Amazon Personalize,personalize,https://docs.aws.amazon.com/service-authorization/latest/reference/list_amazonpersonalize.html
361,Amazon Pinpoint,mobiletargeting,https://docs.aws.amazon.com/service-authorization/latest/reference/list_amazonpinpoint.html
362,Amazon Pinpoint Email Service,ses,https://docs.aws.amazon.com/service-authorization/latest/reference/list_amazonpinpointemailservice.html
363,Amazon Pinpoint SMS Voice V2,sms-voice,https://docs.aws.amazon.com/service-authorization/latest/reference/list_amazonpinpointsmsvoicev2.html
364,Amazon Pinpoint SMS and Voice Service,sms-voice,https://docs.aws.amazon.com/service-authorization/latest/reference/list_amazonpinpointsmsandvoiceservice.html
365,Amazon Polly,polly,https://docs.aws.amazon.com/service-authorization/latest/reference/list_amazonpolly.html
366,Amazon Q,q,https://docs.aws.amazon.com/service-authorization/latest/reference/list_amazonq.html
367,Amazon Q Business,qbusiness,https://docs.aws.amazon.com/service-authorization/latest/reference/list_amazonqbusiness.html
368,Amazon Q Business Q Apps,qapps,https://docs.aws.amazon.com/service-authorization/latest/reference/list_amazonqbusinessqapps.html
369,Amazon Q in Connect,wisdom,https://docs.aws.amazon.com/service-authorization/latest/reference/list_amazonqinconnect.html
370,Amazon QLDB,qldb,https://docs.aws.amazon.com/service-authorization/latest/reference/list_amazonqldb.html
371,Amazon QuickSight,quicksight,https://docs.aws.amazon.com/service-authorization/latest/reference/list_amazonquicksight.html
372,Amazon RDS,rds,https://docs.aws.amazon.com/service-authorization/latest/reference/list_amazonrds.html
373,Amazon RDS Data API,rds-data,https://docs.aws.amazon.com/service-authorization/latest/reference/list_amazonrdsdataapi.html
374,Amazon RDS IAM Authentication,rds-db,https://docs.aws.amazon.com/service-authorization/latest/reference/list_amazonrdsiamauthentication.html
375,Amazon RHEL Knowledgebase Portal,rhelkb,https://docs.aws.amazon.com/service-authorization/latest/reference/list_amazonrhelknowledgebaseportal.html
376,Amazon Redshift,redshift,https://docs.aws.amazon.com/service-authorization/latest/reference/list_amazonredshift.html
377,Amazon Redshift Data API,redshift-data,https://docs.aws.amazon.com/service-authorization/latest/reference/list_amazonredshiftdataapi.html
378,Amazon Redshift Serverless,redshift-serverless,https://docs.aws.amazon.com/service-authorization/latest/reference/list_amazonredshiftserverless.html
379,Amazon Rekognition,rekognition,https://docs.aws.amazon.com/service-authorization/latest/reference/list_amazonrekognition.html
380,Amazon Resource Group Tagging API,tag,https://docs.aws.amazon.com/service-authorization/latest/reference/list_amazonresourcegrouptaggingapi.html
381,Amazon Route 53,route53,https://docs.aws.amazon.com/service-authorization/latest/reference/list_amazonroute53.html
382,Amazon Route 53 Domains,route53domains,https://docs.aws.amazon.com/service-authorization/latest/reference/list_amazonroute53domains.html
383,Amazon Route 53 Profiles,route53profiles,https://docs.aws.amazon.com/service-authorization/latest/reference/list_amazonroute53profiles.html
384,Amazon Route 53 Recovery Cluster,route53-recovery-cluster,https://docs.aws.amazon.com/service-authorization/latest/reference/list_amazonroute53recoverycluster.html
385,Amazon Route 53 Recovery Controls,route53-recovery-control-config,https://docs.aws.amazon.com/service-authorization/latest/reference/list_amazonroute53recoverycontrols.html
386,Amazon Route 53 Recovery Readiness,route53-recovery-readiness,https://docs.aws.amazon.com/service-authorization/latest/reference/list_amazonroute53recoveryreadiness.html
387,Amazon Route 53 Resolver,route53resolver,https://docs.aws.amazon.com/service-authorization/latest/reference/list_amazonroute53resolver.html
388,Amazon S3,s3,https://docs.aws.amazon.com/service-authorization/latest/reference/list_amazons3.html
389,Amazon S3 Express,s3express,https://docs.aws.amazon.com/service-authorization/latest/reference/list_amazons3express.html
390,Amazon S3 Glacier,glacier,https://docs.aws.amazon.com/service-authorization/latest/reference/list_amazons3glacier.html
391,Amazon S3 Object Lambda,s3-object-lambda,https://docs.aws.amazon.com/service-authorization/latest/reference/list_amazons3objectlambda.html
392,Amazon S3 on Outposts,s3-outposts,https://docs.aws.amazon.com/service-authorization/latest/reference/list_amazons3onoutposts.html
393,Amazon SES,ses,https://docs.aws.amazon.com/service-authorization/latest/reference/list_amazonses.html
394,Amazon SNS,sns,https://docs.aws.amazon.com/service-authorization/latest/reference/list_amazonsns.html
395,Amazon SQS,sqs,https://docs.aws.amazon.com/service-authorization/latest/reference/list_amazonsqs.html
396,Amazon SageMaker,sagemaker,https://docs.aws.amazon.com/service-authorization/latest/reference/list_amazonsagemaker.html
397,Amazon SageMaker Ground Truth Synthetic,sagemaker-groundtruth-synthetic,https://docs.aws.amazon.com/service-authorization/latest/reference/list_amazonsagemakergroundtruthsynthetic.html
398,Amazon SageMaker geospatial capabilities,sagemaker-geospatial,https://docs.aws.amazon.com/service-authorization/latest/reference/list_amazonsagemakergeospatialcapabilities.html
399,Amazon SageMaker with MLflow,sagemaker-mlflow,https://docs.aws.amazon.com/service-authorization/latest/reference/list_amazonsagemakerwithmlflow.html
400,Amazon Security Lake,securitylake,https://docs.aws.amazon.com/service-authorization/latest/reference/list_amazonsecuritylake.html
401,Amazon Simple Email Service - Mail Manager,ses,https://docs.aws.amazon.com/service-authorization/latest/reference/list_amazonsimpleemailservice-mailmanager.html
402,Amazon Simple Email Service v2,ses,https://docs.aws.amazon.com/service-authorization/latest/reference/list_amazonsimpleemailservicev2.html
403,Amazon Simple Workflow Service,swf,https://docs.aws.amazon.com/service-authorization/latest/reference/list_amazonsimpleworkflowservice.html
404,Amazon SimpleDB,sdb,https://docs.aws.amazon.com/service-authorization/latest/reference/list_amazonsimpledb.html
405,Amazon Textract,textract,https://docs.aws.amazon.com/service-authorization/latest/reference/list_amazontextract.html
406,Amazon Timestream,timestream,https://docs.aws.amazon.com/service-authorization/latest/reference/list_amazontimestream.html
407,Amazon Timestream InfluxDB,timestream-influxdb,https://docs.aws.amazon.com/service-authorization/latest/reference/list_amazontimestreaminfluxdb.html
408,Amazon Transcribe,transcribe,https://docs.aws.amazon.com/service-authorization/latest/reference/list_amazontranscribe.html
409,Amazon Translate,translate,https://docs.aws.amazon.com/service-authorization/latest/reference/list_amazontranslate.html
410,Amazon VPC Lattice,vpc-lattice,https://docs.aws.amazon.com/service-authorization/latest/reference/list_amazonvpclattice.html
411,Amazon VPC Lattice Services,vpc-lattice-svcs,https://docs.aws.amazon.com/service-authorization/latest/reference/list_amazonvpclatticeservices.html
412,Amazon Verified Permissions,verifiedpermissions,https://docs.aws.amazon.com/service-authorization/latest/reference/list_amazonverifiedpermissions.html
413,Amazon WorkDocs,workdocs,https://docs.aws.amazon.com/service-authorization/latest/reference/list_amazonworkdocs.html
414,Amazon WorkLink,worklink,https://docs.aws.amazon.com/service-authorization/latest/reference/list_amazonworklink.html
415,Amazon WorkMail,workmail,https://docs.aws.amazon.com/service-authorization/latest/reference/list_amazonworkmail.html
416,Amazon WorkMail Message Flow,workmailmessageflow,https://docs.aws.amazon.com/service-authorization/latest/reference/list_amazonworkmailmessageflow.html
417,Amazon WorkSpaces,workspaces,https://docs.aws.amazon.com/service-authorization/latest/reference/list_amazonworkspaces.html
418,Amazon WorkSpaces Application Manager,wam,https://docs.aws.amazon.com/service-authorization/latest/reference/list_amazonworkspacesapplicationmanager.html
419,Amazon WorkSpaces Secure Browser,workspaces-web,https://docs.aws.amazon.com/service-authorization/latest/reference/list_amazonworkspacessecurebrowser.html
420,Amazon WorkSpaces Thin Client,thinclient,https://docs.aws.amazon.com/service-authorization/latest/reference/list_amazonworkspacesthinclient.html
421,AmazonMediaImport,mediaimport,https://docs.aws.amazon.com/service-authorization/latest/reference/list_amazonmediaimport.html
422,Apache Kafka APIs for Amazon MSK clusters,kafka-cluster,https://docs.aws.amazon.com/service-authorization/latest/reference/list_apachekafkaapisforamazonmskclusters.html
423,Application Discovery Arsenal,arsenal,https://docs.aws.amazon.com/service-authorization/latest/reference/list_applicationdiscoveryarsenal.html
424,Database Query Metadata Service,dbqms,https://docs.aws.amazon.com/service-authorization/latest/reference/list_databasequerymetadataservice.html
425,High-volume outbound communications,connect-campaigns,https://docs.aws.amazon.com/service-authorization/latest/reference/list_high-volumeoutboundcommunications.html
426,Service Quotas,servicequotas,https://docs.aws.amazon.com/service-authorization/latest/reference/list_servicequotas.html
427,Tag Editor,resource-explorer,https://docs.aws.amazon.com/service-authorization/latest/reference/list_tageditor.html
